Round,Division,Date,Start Time,Finish Time,Field,Team 1,Team 1 Colour,Team 2,Team 2 Colour,Status,Note
Round 1,5–7 Years,13/10/2026,5:40 PM,6:20 PM,Minis 1,Little Cobras,Yellow,Sharks,Sky Blue,,
Round 1,5–7 Years,13/10/2026,5:40 PM,6:20 PM,Minis 2,Mini Strikers,Red,Tiny Titans,Orange,,
Round 2,5–7 Years,20/10/2026,5:40 PM,6:20 PM,Minis 2,Tiny Titans,Orange,Little Cobras,Yellow,,
Round 2,5–7 Years,20/10/2026,5:40 PM,6:20 PM,Minis 1,Mini Strikers,Red,Sharks,Sky Blue,,
Round 3,5–7 Years,27/10/2026,5:40 PM,6:20 PM,Minis 1,Little Cobras,Yellow,Mini Strikers,Red,,
Round 3,5–7 Years,27/10/2026,5:40 PM,6:20 PM,Minis 2,Tiny Titans,Orange,Sharks,Sky Blue,,
Round 4,5–7 Years,3/11/2026,5:40 PM,6:20 PM,Minis 2,Little Cobras,Yellow,Sharks,Sky Blue,,
Round 4,5–7 Years,3/11/2026,5:40 PM,6:20 PM,Minis 1,Mini Strikers,Red,Tiny Titans,Orange,,
Round 5,5–7 Years,10/11/2026,5:40 PM,6:20 PM,Minis 1,Tiny Titans,Orange,Little Cobras,Yellow,,
Round 5,5–7 Years,10/11/2026,5:40 PM,6:20 PM,Minis 2,Mini Strikers,Red,Sharks,Sky Blue,,
Round 6,5–7 Years,17/11/2026,5:40 PM,6:20 PM,Minis 2,Little Cobras,Yellow,Mini Strikers,Red,,
Round 6,5–7 Years,17/11/2026,5:40 PM,6:20 PM,Minis 1,Tiny Titans,Orange,Sharks,Sky Blue,,
Round 7,5–7 Years,24/11/2026,5:40 PM,6:20 PM,Minis 1,Little Cobras,Yellow,Sharks,Sky Blue,,
Round 7,5–7 Years,24/11/2026,5:40 PM,6:20 PM,Minis 2,Mini Strikers,Red,Tiny Titans,Orange,,
Round 8,5–7 Years,1/12/2026,5:40 PM,6:20 PM,Minis 2,Tiny Titans,Orange,Little Cobras,Yellow,,
Round 8,5–7 Years,1/12/2026,5:40 PM,6:20 PM,Minis 1,Mini Strikers,Red,Sharks,Sky Blue,,
Round 9,5–7 Years,8/12/2026,5:40 PM,6:20 PM,Minis 1,Little Cobras,Yellow,Mini Strikers,Red,,
Round 9,5–7 Years,8/12/2026,5:40 PM,6:20 PM,Minis 2,Tiny Titans,Orange,Sharks,Sky Blue,,
Round 10,5–7 Years,15/12/2026,5:40 PM,6:20 PM,Minis 2,Little Cobras,Yellow,Sharks,Sky Blue,,
Round 10,5–7 Years,15/12/2026,5:40 PM,6:20 PM,Minis 1,Mini Strikers,Red,Tiny Titans,Orange,,
Round 1,8–9 Years,13/10/2026,5:40 PM,6:20 PM,Field 1,Rockets,Red,Blue Tongues,Blue,,
Round 1,8–9 Years,13/10/2026,5:40 PM,6:20 PM,Field 2,Kookaburras,Green,Thunder,Purple,,
Round 2,8–9 Years,20/10/2026,5:40 PM,6:20 PM,2,Thunder,Purple,Rockets,  red ,,
Round 2,8–9 Years,20/10/2026,5:40 PM,6:20 PM,Field 1,Kookaburras,Green,Blue Tongues,Blue,,
Round 3,8–9 Years,27/10/2026,5:40 PM,6:20 PM,Field 1,Rockets,Red,Kookaburras,Green,,
Round 3,8–9 Years,27/10/2026,5:40 PM,6:20 PM,Field 2,Thunder,Purple,Blue Tongues,Blue,,
Round 4,8–9 Years,3/11/2026,5:40 PM,6:20 PM,Field 2,Rockets,Red,Blue Tongues,Blue,,
Round 4,8–9 Years,3/11/2026,5:40 PM,6:20 PM,Field 1,Kookaburras,Green,Thunder,Purple,,
Round 5,8–9 Years,10/11/2026,5:40 PM,6:20 PM,Field 1,Thunder,Purple,Rockets,Red,,
Round 5,8–9 Years,10/11/2026,5:40 PM,6:20 PM,Field 2,Kookaburras,Green,Blue Tongues,Blue,,
Round 6,8–9 Years,17/11/2026,5:40 PM,6:20 PM,Field 2,Rockets,Red,Kookaburras,Green,,
Round 6,8–9 Years,17/11/2026,5:40 PM,6:20 PM,Field 1,Thunder,Purple,Blue Tongues,Blue,,
Round 7,8–9 Years,24/11/2026,5:40 PM,6:20 PM,Field 1,Rockets,Red,Blue Tongues,Blue,,
Round 7,8–9 Years,24/11/2026,5:40 PM,6:20 PM,Field 2,Kookaburras,Green,Thunder,Purple,,
Round 8,8–9 Years,1/12/2026,5:40 PM,6:20 PM,Field 2,Thunder,Purple,Rockets,Red,,
Round 8,8–9 Years,1/12/2026,5:40 PM,6:20 PM,Field 1,Kookaburras,Green,Blue Tongues,Blue,,
Round 9,8–9 Years,8/12/2026,5:40 PM,6:20 PM,Field 1,Rockets,Red,Kookaburras,Green,,
Round 9,8–9 Years,8/12/2026,5:40 PM,6:20 PM,Field 2,Thunder,Purple,Blue Tongues,Blue,,
Round 10,8–9 Years,15/12/2026,5:40 PM,6:20 PM,Field 2,Rockets,Red,Blue Tongues,Blue,,
Round 10,8–9 Years,15/12/2026,5:40 PM,6:20 PM,Field 1,Kookaburras,Green,Thunder,Purple,,
Round 1,10–11 Years,13/10/2026,5:40 PM,6:20 PM,Field 3,Hunter Hawks,Black,Dolphins,Aqua,,
Round 1,10–11 Years,13/10/2026,5:40 PM,6:20 PM,Field 4,Lightning,Yellow,Galaxy,Navy,,
Round 2,10–11 Years,20/10/2026,5:40 PM,6:20 PM,Field 4,Galaxy,Navy,Hunter Hawks,Black,,
Round 2,10–11 Years,20/10/2026,5:40 PM,6:20 PM,Field 3,Lightning,Yellow,Dolphins,Aqua,,
Round 3,10–11 Years,27/10/2026,5:40 PM,6:20 PM,Field 3,Hunter Hawks,Black,Lightning,Yellow,,
Round 3,10–11 Years,27/10/2026,5:40 PM,6:20 PM,Field 4,Galaxy,Navy,Dolphins,Aqua,,
Round 4,10–11 Years,3/11/2026,5:40 PM,6:20 PM,Field 4,Hunter Hawks,Black,Dolphins,Aqua,,
Round 4,10–11 Years,3/11/2026,5:40 PM,6:20 PM,Field 3,Lightning,Yellow,Galaxy,Navy,,
Round 5,10–11 Years,10/11/2026,5:40 PM,6:20 PM,Field 3,Galaxy,Navy,Hunter Hawks,Black,,
Round 5,10–11 Years,10/11/2026,5:40 PM,6:20 PM,Field 4,Lightning,Yellow,Dolphins,Aqua,,
Round 6,10–11 Years,17/11/2026,5:40 PM,6:20 PM,Field 4,Hunter Hawks,Black,Lightning,Yellow,,
Round 6,10–11 Years,17/11/2026,5:40 PM,6:20 PM,Field 3,Galaxy,Navy,Dolphins,Aqua,,
Round 7,10–11 Years,24/11/2026,5:40 PM,6:20 PM,Field 3,Hunter Hawks,Black,Dolphins,Aqua,,
Round 7,10–11 Years,24/11/2026,5:40 PM,6:20 PM,Field 4,Lightning,Yellow,Galaxy,Navy,,
Round 8,10–11 Years,1/12/2026,5:40 PM,6:20 PM,Field 4,Galaxy,Navy,Hunter Hawks,Black,,
Round 8,10–11 Years,1/12/2026,5:40 PM,6:20 PM,Field 3,Lightning,Yellow,Dolphins,Aqua,,
Round 9,10–11 Years,8/12/2026,5:40 PM,6:20 PM,Field 3,Hunter Hawks,Black,Lightning,Yellow,,
Round 9,10–11 Years,8/12/2026,5:40 PM,6:20 PM,Field 4,Galaxy,Navy,Dolphins,Aqua,,
Round 10,10–11 Years,15/12/2026,5:40 PM,6:20 PM,Field 4,Hunter Hawks,Black,Dolphins,Aqua,,
Round 10,10–11 Years,15/12/2026,5:40 PM,6:20 PM,Field 3,Lightning,Yellow,Galaxy,Navy,,
Round 1,12–18 Years,13/10/2026,6:30 PM,7:10 PM,Field 5,Maitland Mavericks,Maroon,Phoenix,Red,,
Round 1,12–18 Years,13/10/2026,6:30 PM,7:10 PM,Field 6,Cobras Academy,Blue,Wildcats,Orange,,
Round 2,12–18 Years,20/10/2026,6:30 PM,7:10 PM,Field 6,Wildcats,Orange,Maitland Mavericks,Maroon,,
Round 2,12–18 Years,20/10/2026,6:30 PM,7:10 PM,Field 5,Cobras Academy,Blue,Phoenix,Red,,
Round 3,12–18 Years,27/10/2026,6:30 PM,7:10 PM,Field 5,Maitland Mavericks,Maroon,Cobras Academy,Blue,,
Round 3,12–18 Years,27/10/2026,6:30 PM,7:10 PM,Field 6,Wildcats,Orange,Phoenix,Red,,
Round 4,12–18 Years,3/11/2026,6:30 PM,7:10 PM,Field 6,Maitland Mavericks,Maroon,Phoenix,Red,,
Round 4,12–18 Years,3/11/2026,6:30 PM,7:10 PM,Field 5,Cobras Academy,Blue,Wildcats,Orange,,
Round 5,12–18 Years,10/11/2026,6:30 PM,7:10 PM,Field 5,Wildcats,Orange,Maitland Mavericks,Maroon,,
Round 5,12–18 Years,10/11/2026,6:30 PM,7:10 PM,Field 6,Cobras Academy,Blue,Phoenix,Red,,
Round 6,12–18 Years,17/11/2026,6:30 PM,7:10 PM,Field 6,Maitland Mavericks,Maroon,Cobras Academy,Blue,,
Round 6,12–18 Years,17/11/2026,6:30 PM,7:10 PM,Field 5,Wildcats,Orange,Phoenix,Red,,
Round 7,12–18 Years,24/11/2026,6:30 PM,7:10 PM,Field 5,Maitland Mavericks,Maroon,Phoenix,Red,,
Round 7,12–18 Years,24/11/2026,6:30 PM,7:10 PM,Field 6,Cobras Academy,Blue,Wildcats,Orange,,
Round 8,12–18 Years,1/12/2026,6:30 PM,7:10 PM,Field 6,Wildcats,Orange,Maitland Mavericks,Maroon,,
Round 8,12–18 Years,1/12/2026,6:30 PM,7:10 PM,Field 5,Cobras Academy,Blue,Phoenix,Red,,
Round 9,12–18 Years,8/12/2026,6:30 PM,7:10 PM,Field 5,Maitland Mavericks,Maroon,Cobras Academy,Blue,,
Round 9,12–18 Years,8/12/2026,6:30 PM,7:10 PM,Field 6,Wildcats,Orange,Phoenix,Red,,
Round 10,12–18 Years,15/12/2026,6:30 PM,7:10 PM,Field 6,Maitland Mavericks,Maroon,Phoenix,Red,,
Round 10,12–18 Years,15/12/2026,6:30 PM,7:10 PM,Field 5,Cobras Academy,Blue,Wildcats,Orange,,
Round 1,Men's,12/10/2026,6:30 PM,7:10 PM,Field 1,Cobras,Blue,Inter Thornton,Navy,,
Round 1,Men's,12/10/2026,6:30 PM,7:10 PM,Field 2,Old Boys,White,Dynamo,Red,,
Round 1,Men's,12/10/2026,6:30 PM,7:10 PM,Field 3,Real Metford,Black,Sporting Rutherford,Green,,
Round 2,Men's,19/10/2026,6:30 PM,7:10 PM,Field 2,Dynamo,Red,Cobras,Blue,,
Round 2,Men's,19/10/2026,6:30 PM,7:10 PM,Field 3,Sporting Rutherford,Green,Inter Thornton,Navy,,
Round 2,Men's,19/10/2026,6:30 PM,7:10 PM,Field 1,Real Metford,Black,Old Boys,White,,
Round 3,Men's,26/10/2026,6:30 PM,7:10 PM,Field 3,Cobras,Blue,Sporting Rutherford,Green,,
Round 3,Men's,26/10/2026,6:30 PM,7:10 PM,Field 1,Dynamo,Red,Real Metford,Black,,
Round 3,Men's,26/10/2026,6:30 PM,7:10 PM,Field 2,Inter Thornton,Navy,Old Boys,White,,
Round 4,Men's,2/11/2026,6:30 PM,7:10 PM,Field 1,Real Metford,Black,Cobras,Blue,cancelled,"Cancelled — wet weather, ground closed"
Round 4,Men's,2/11/2026,6:30 PM,7:10 PM,Field 2,Old Boys,White,Sporting Rutherford,Green,,
Round 4,Men's,2/11/2026,6:30 PM,7:10 PM,Field 3,Inter Thornton,Navy,Dynamo,Red,,
Round 5,Men's,9/11/2026,6:30 PM,7:10 PM,Field 2,Cobras,Blue,Old Boys,White,,
Round 5,Men's,9/11/2026,6:30 PM,7:10 PM,Field 3,Real Metford,Black,Inter Thornton,Navy,,
Round 5,Men's,9/11/2026,6:30 PM,7:10 PM,Field 1,Sporting Rutherford,Green,Dynamo,Red,,
Round 6,Men's,16/11/2026,6:30 PM,7:10 PM,Field 3,Cobras,Blue,Inter Thornton,Navy,,
Round 6,Men's,16/11/2026,6:30 PM,7:10 PM,Field 1,Old Boys,White,Dynamo,Red,,
Round 6,Men's,16/11/2026,6:30 PM,7:10 PM,Field 2,Real Metford,Black,Sporting Rutherford,Green,,
Round 7,Men's,23/11/2026,6:30 PM,7:10 PM,Field 1,Dynamo,Red,Cobras,Blue,,
Round 7,Men's,23/11/2026,6:30 PM,7:10 PM,Field 2,Sporting Rutherford,Green,Inter Thornton,Navy,,
Round 7,Men's,23/11/2026,6:30 PM,7:10 PM,Field 3,Real Metford,Black,Old Boys,White,,
Round 8,Men's,30/11/2026,6:30 PM,7:10 PM,Field 2,Cobras,Blue,Sporting Rutherford,Green,,
Round 8,Men's,30/11/2026,6:30 PM,7:10 PM,Field 3,Dynamo,Red,Real Metford,Black,,
Round 8,Men's,30/11/2026,6:30 PM,7:10 PM,Field 1,Inter Thornton,Navy,Old Boys,White,,
Round 9,Men's,7/12/2026,6:30 PM,7:10 PM,Field 3,Real Metford,Black,Cobras,Blue,,
Round 9,Men's,7/12/2026,6:30 PM,7:10 PM,Field 1,Old Boys,White,Sporting Rutherford,Green,,
Round 9,Men's,7/12/2026,6:30 PM,7:10 PM,Field 2,Inter Thornton,Navy,Dynamo,Red,,
Round 10,Men's,14/12/2026,6:30 PM,7:10 PM,Field 1,Cobras,Blue,Old Boys,White,,
Round 10,Men's,14/12/2026,6:30 PM,7:10 PM,Field 2,Real Metford,Black,Inter Thornton,Navy,,
Round 10,Men's,14/12/2026,6:30 PM,7:10 PM,Field 3,Sporting Rutherford,Green,Dynamo,Red,,
Round 1,Women's,12/10/2026,7:20 PM,8:00 PM,Field 4,Lady Cobras,Yellow,Hunter Heat,Orange,,
Round 1,Women's,12/10/2026,7:20 PM,8:00 PM,Field 5,Galaxy Girls,Purple,Thunderbirds,Pink,,
Round 2,Women's,19/10/2026,7:20 PM,8:00 PM,Field 5,Thunderbirds,Pink,Lady Cobras,Yellow,,
Round 2,Women's,19/10/2026,7:20 PM,8:00 PM,Field 4,Galaxy Girls,Purple,Hunter Heat,Orange,,
Round 3,Women's,26/10/2026,7:20 PM,8:00 PM,Field 4,Lady Cobras,Yellow,Galaxy Girls,Purple,,
Round 3,Women's,26/10/2026,7:20 PM,8:00 PM,Field 5,Thunderbirds,Pink,Hunter Heat,Orange,,
Round 4,Women's,2/11/2026,7:20 PM,8:00 PM,Field 5,Lady Cobras,Yellow,Hunter Heat,Orange,,
Round 4,Women's,2/11/2026,7:20 PM,8:00 PM,Field 4,Galaxy Girls,Purple,Thunderbirds,Pink,,
Round 5,Women's,9/11/2026,7:20 PM,8:00 PM,Field 4,Thunderbirds,Pink,Lady Cobras,Yellow,,
Round 5,Women's,9/11/2026,7:20 PM,8:00 PM,Field 5,Galaxy Girls,Purple,Hunter Heat,Orange,,
Round 6,Women's,16/11/2026,7:20 PM,8:00 PM,Field 5,Lady Cobras,Yellow,Galaxy Girls,Purple,,
Round 6,Women's,16/11/2026,7:20 PM,8:00 PM,Field 4,Thunderbirds,Pink,Hunter Heat,Orange,,
Round 7,Women's,23/11/2026,7:20 PM,8:00 PM,Field 4,Lady Cobras,Yellow,Hunter Heat,Orange,,
Round 7,Women's,23/11/2026,7:20 PM,8:00 PM,Field 5,Galaxy Girls,Purple,Thunderbirds,Pink,,
Round 8,Women's,30/11/2026,7:20 PM,8:00 PM,Field 5,Thunderbirds,Pink,Lady Cobras,Yellow,,
Round 8,Women's,30/11/2026,7:20 PM,8:00 PM,Field 4,Galaxy Girls,Purple,Hunter Heat,Orange,,
Round 9,Women's,7/12/2026,7:20 PM,8:00 PM,Field 4,Lady Cobras,Yellow,Galaxy Girls,Purple,,
Round 9,Women's,7/12/2026,7:20 PM,8:00 PM,Field 5,Thunderbirds,Pink,Hunter Heat,Orange,,
Round 10,Women's,14/12/2026,7:20 PM,8:00 PM,Field 5,Lady Cobras,Yellow,Hunter Heat,Orange,,
Round 10,Women's,14/12/2026,7:20 PM,8:00 PM,Field 4,Galaxy Girls,Purple,Thunderbirds,Pink,,
Round 1,All Age Mixed,12/10/2026,7:20 PM,8:00 PM,Field 6,Grasshoppers,Green,Kick Nation,Black,,
Round 1,All Age Mixed,12/10/2026,7:20 PM,8:00 PM,Field 7,Summer Strikers,Blue,Ball Busters,Red,,
Round 1,All Age Mixed,12/10/2026,7:20 PM,8:00 PM,Field 8,Cobras,Yellow,Net Gains,White,,
Round 2,All Age Mixed,19/10/2026,7:20 PM,8:00 PM,Field 7,Ball Busters,Red,Grasshoppers,Green,,
Round 2,All Age Mixed,19/10/2026,7:20 PM,8:00 PM,Field 8,Net Gains,White,Kick Nation,Black,,
Round 2,All Age Mixed,19/10/2026,7:20 PM,8:00 PM,Field 6,Cobras,Yellow,Summer Strikers,Blue,,
Round 3,All Age Mixed,26/10/2026,7:20 PM,8:00 PM,Field 8,Grasshoppers,Green,Net Gains,White,Postponed,Postponed — new date to be advised
Round 3,All Age Mixed,26/10/2026,7:20 PM,8:00 PM,Field 6,Ball Busters,Red,Cobras,Yellow,,
Round 3,All Age Mixed,26/10/2026,7:20 PM,8:00 PM,Field 7,Kick Nation,Black,Summer Strikers,Blue,,
Round 4,All Age Mixed,2/11/2026,7:20 PM,8:00 PM,Field 6,Cobras,Yellow,Grasshoppers,Green,,
Round 4,All Age Mixed,2/11/2026,7:20 PM,8:00 PM,Field 7,Summer Strikers,Blue,Net Gains,White,,
Round 4,All Age Mixed,2/11/2026,7:20 PM,8:00 PM,Field 8,Kick Nation,Black,Ball Busters,Red,,
Round 5,All Age Mixed,9/11/2026,7:20 PM,8:00 PM,Field 7,Grasshoppers,Green,Summer Strikers,Blue,,
Round 5,All Age Mixed,9/11/2026,7:20 PM,8:00 PM,Field 8,Cobras,Yellow,Kick Nation,Black,,
Round 5,All Age Mixed,9/11/2026,7:20 PM,8:00 PM,Field 6,Net Gains,White,Ball Busters,Red,,
Round 6,All Age Mixed,16/11/2026,7.20pm,8.00 p.m.,Field 8,Grasshoppers,Green,Kick Nation,Black,,
Round 6,All Age Mixed,16/11/2026,7:20 PM,8:00 PM,Field 6,Summer Strikers,Blue,Ball Busters,Red,,
Round 6,All Age Mixed,16/11/2026,7:20 PM,8:00 PM,Field 7,Cobras,Yellow,Net Gains,White,,
Round 7,All Age Mixed,23/11/2026,7:20 PM,8:00 PM,Field 6,Ball Busters,Red,Grasshoppers,Green,,
Round 7,All Age Mixed,23/11/2026,7:20 PM,8:00 PM,Field 7,Net Gains,White,Kick Nation,Black,,
Round 7,All Age Mixed,23/11/2026,7:20 PM,8:00 PM,Field 8,Cobras,Yellow,Summer Strikers,Blue,,
Round 8,All Age Mixed,30/11/2026,7:20 PM,8:00 PM,Field 7,Grasshoppers,Green,Net Gains,White,,
Round 8,All Age Mixed,30/11/2026,7:20 PM,8:00 PM,Field 8,Ball Busters,Red,Cobras,Yellow,,
Round 8,All Age Mixed,30/11/2026,7:20 PM,8:00 PM,Field 6,Kick Nation,Black,Summer Strikers,Blue,,
Round 9,All Age Mixed,7/12/2026,7:20 PM,8:00 PM,,Cobras,Yellow,Grasshoppers,Green,,
Round 9,All Age Mixed,7/12/2026,7:20 PM,8:00 PM,Field 6,Summer Strikers,Blue,Net Gains,White,,
Round 9,All Age Mixed,7/12/2026,7:20 PM,8:00 PM,Field 7,Kick Nation,Black,Ball Busters,Red,,
Round 10,All Age Mixed,14/12/2026,7:20 PM,8:00 PM,Field 6,Grasshoppers,Green,Summer Strikers,Blue,,
Round 10,All Age Mixed,14/12/2026,7:20 PM,8:00 PM,Field 7,Cobras,Yellow,Kick Nation,Black,,
Round 10,All Age Mixed,14/12/2026,7:20 PM,8:00 PM,Field 8,Net Gains,White,Ball Busters,Red,,
